index,url,valid,domain,title,description,image,published,archive,content,quote,language,keyword
https://freebeacon.com/california/las-fire-recovery-czar-privately-tells-hollywood-execs-to-hold-on-to-their-properties-promising-city-investments-will-triple-their-palisades-property-values/,https://freebeacon.com/california/las-fire-recovery-czar-privately-tells-hollywood-execs-to-hold-on-to-their-properties-promising-city-investments-will-triple-their-palisades-property-values/,0,freebeacon.com,"LA’s Fire Recovery Czar Privately Tells Hollywood Execs To Hold On to Their Properties, Promising City Investments Will Triple Their Palisades Property Values","Los Angeles mayor Karen Bass’s (D.) wildfire recovery czar, Steve Soboroff, advised Hollywood talent executives on a private Zoom call to wait to sell their properties. City investments in the Palisades neighborhood, he said, will allow them to ""triple"" the l…",https://freebeacon.com/wp-content/uploads/2025/01/powerful-winds-fuel-multiple-fires-across-los-angeles-area-4-scaled.jpg,2025-02-01T01:30:31Z,http://archive.md/20250201114942/https://freebeacon.com/california/las-fire-recovery-czar-privately-tells-hollywood-execs-to-hold-on-to-their-properties-promising-city-investments-will-triple-their-palisades-property-values/,"Los Angeles mayor Karen Basss (D.) wildfire recovery czar, Steve Soboroff, advised Hollywood talent executives on a private Zoom call to wait to sell their properties. City investments in the Palisad… [+6458 chars]",,en,'wildfire'
https://www.abajournal.com/magazine/article/this-lawyer-turned-wrangler-helped-save-200-horses-from-a-wildfire,https://www.abajournal.com/magazine/article/this-lawyer-turned-wrangler-helped-save-200-horses-from-a-wildfire,0,www.abajournal.com,This lawyer-turned-wrangler helped save 200 horses from a wildfire,"In 2012, Ami Cullen left her job as a litigation associate with a Washington, D.C.-area law firm to become a horse wrangler on a Colorado…",https://www.abajournal.com/images/mag_images/020325_IA_AmiCullenTrigger.jpg,2025-02-01T07:15:00Z,,"<ol><li>Home</li><li>Magazine</li><li>This lawyer-turned-wrangler helped save 200…</li></ol>By Jenny B. Davis
February 1, 2025, 1:15 am CST
Ami Cullen used her experiences from a 2020 wildfire to w… [+8608 chars]",,en,'wildfire area'
https://www.globalsecurity.org/security/library/news/2025/01/sec-250131-arnews01.htm,https://www.globalsecurity.org/security/library/news/2025/01/sec-250131-arnews01.htm,0,www.globalsecurity.org,California National Guard supports wildfire response following devastating fires in SoCal,"The whir of the helicopter blades fills the cabin as the aircraft circles the remains of several Los Angeles neighborhoods, rows of houses reduced to ash and rubble. The grim setting almost seems like something straight out of a dystopian movie as the helicop…",,2025-02-01T08:09:20Z,,"By Sgt. 1st Class Kimberly Hill January 31, 2025
LOS ANGELES -- The whir of the helicopter blades fills the cabin as the aircraft circles the remains of several Los Angeles neighborhoods, rows of ho… [+4343 chars]",,en,'wildfire'
https://www.cnet.com/health/medical/doctor-approved-ways-protect-your-health-from-wildfire-smoke-poor-air-quality/,https://www.cnet.com/health/medical/doctor-approved-ways-protect-your-health-from-wildfire-smoke-poor-air-quality/,0,www.cnet.com,6 Doctor-Approved Ways to Protect Your Health From Wildfire Smoke and Poor Air Quality,"Even if you don't live in an area where wildfires are typical, it's important to know how to protect your health.",https://www.cnet.com/a/img/resize/8cf48823c6088ef787f72375339fb49322b37965/hub/2025/01/30/246f0e8f-fb35-4a8b-a2be-a66a78ec7ca3/wildfire-smoke-behind-houses.jpg?auto=webp&fit=crop&height=675&width=1200,2025-02-01T12:41:03Z,,"In the aftermath of a wildfire, many communities have to deal with residual smoke and poor air quality. Unfortunately, this problem isn't going anywhere. Regions like Southern California have seen an… [+10121 chars]",,en,'wildfire'
http://grist.org/wildfires/mauis-post-wildfire-housing-crisis-offers-a-warning-for-los-angeles/,http://grist.org/wildfires/mauis-post-wildfire-housing-crisis-offers-a-warning-for-los-angeles/,0,grist.org,Maui’s post-wildfire housing crisis offers a warning for Los Angeles,"After wildfires devastated the island, homelessness spiked. Advocates fear L.A. could face a similar fate without strong renter protections — and enforcement.",https://grist.org/wp-content/uploads/2025/01/LAfiredestruction.jpg?quality=75&strip=all,2025-02-01T14:00:00Z,,"This article by Capital and Main is published here as part of the global journalism collaboration Covering Climate Now.
It wasnt the images of flames ripping through neighborhoods in Pacific Palisad… [+9462 chars]",,en,'wildfire brigade'
https://legalinsurrection.com/2025/02/californias-senate-targets-oil-companies-proposing-law-allowing-wildfire-victims-to-sue/,https://legalinsurrection.com/2025/02/californias-senate-targets-oil-companies-proposing-law-allowing-wildfire-victims-to-sue/,0,legalinsurrection.com,"California’s Senate Targets Oil Companies, Proposing Law Allowing Wildfire Victims to Sue","Meanwhile the state is now dealing with the massive environmental contamination around the Moss Landing Lithium Battery Plant, which is part of its ""clean energy"" vision.
The post California’s Senate Targets Oil Companies, Proposing Law Allowing Wildfire Vict…",https://legalinsurrection.com/wp-content/uploads/2025/01/LI-007-Pacific-Palisades-Fire.png,2025-02-01T15:00:03Z,,"California’s politicians have spent the past couple of decades targeting fossil fuel companies as part of “climate cult” theater.
These antics have had consequences.  For example, energy giant Chevr… [+4349 chars]",,en,'wildfire insurance'
https://www.forbes.com/sites/antoniopequenoiv/2025/02/01/california-wildfire-updates-palisades-eaton-fires-reach-full-containment/,https://www.forbes.com/sites/antoniopequenoiv/2025/02/01/california-wildfire-updates-palisades-eaton-fires-reach-full-containment/,0,www.forbes.com,"California Wildfire Updates: Palisades, Eaton Fires Reach Full Containment",The Palisades and Eaton fires in Los Angeles remained active for over three weeks.,"https://imageio.forbes.com/specials-images/imageserve/679bc879c3b037b62c575fbc/0x0.jpg?format=jpg&crop=1728,1152,x0,y0,safe&height=900&width=1600&fit=bounds",2025-02-01T19:47:25Z,http://wayback.archive-it.org/all/20250202031434/https://www.forbes.com/sites/antoniopequenoiv/2025/02/01/california-wildfire-updates-palisades-eaton-fires-reach-full-containment/,"The Palisades and Eaton fires in Los Angeles were fully contained Saturday, marking the end of a wave of historic blazes that scorched the region this month.Saturday, 11:00 a.m. PSTCal Fire data repo… [+28238 chars]",,en,'wildfire'
https://slashdot.org/submission/17332837/trump-administration-releases-california-dam-water-without-state-approval,https://slashdot.org/submission/17332837/trump-administration-releases-california-dam-water-without-state-approval,0,slashdot.org,Trump Administration Releases California Dam Water Without State Approval,"As the wildfires continue in Southern California, President Donald Trump's administration released significant amounts of water from California's dams on Friday in a move that bypassed state authorities.Trump has been fiercely critical of California Governor …",,2025-02-01T22:06:02Z,,"As the wildfires continue in Southern California, President Donald Trump's administration released significant amounts of water from California's dams on Friday in a move that bypassed state authorit… [+2762 chars]",,en,'wildfire'
https://pitchfork.com/news/watch-st-vincent-sheryl-crow-brittany-howard-more-open-2025-grammys-with-i-love-la/,https://pitchfork.com/news/watch-st-vincent-sheryl-crow-brittany-howard-more-open-2025-grammys-with-i-love-la/,0,pitchfork.com,"Watch St. Vincent, Sheryl Crow, Brittany Howard, More Open 2025 Grammys With “I Love L.A.”",The artists helped Dawes pay tribute to the victims of the California wildfires,"https://media.pitchfork.com/photos/67a016c5a5ce703721e5af0b/16:9/w_1280,c_limit/Dawes.jpeg",2025-02-03T01:12:12Z,https://web.archive.org/web/20250203051929/https://pitchfork.com/news/watch-st-vincent-sheryl-crow-brittany-howard-more-open-2025-grammys-with-i-love-la/,"The 2025 Grammy Awards kicked off this evening (February 2) with a musical tribute to those affected by the devastating California wildfires. St. Vincent, Sheryl Crow, Brittany Howard, John Legend, a… [+809 chars]",,en,'wildfire'
https://www.forbes.com/sites/cathyrubin/2025/02/03/how-ai-tech-and-policy-can-stop-the-wildfire-crisis/,https://www.forbes.com/sites/cathyrubin/2025/02/03/how-ai-tech-and-policy-can-stop-the-wildfire-crisis/,0,www.forbes.com,"How AI, Tech, And Policy Can Stop The Wildfire Crisis","Wildfires are growing deadlier, but AI, satellites, and tech innovations are revolutionizing early detection, suppression, and prevention.",https://imageio.forbes.com/specials-images/imageserve/679c6bf9812c17fb310c349e/0x0.jpg?format=jpg&height=900&width=1600&fit=bounds,2025-02-03T13:38:28Z,http://archive.md/20250204022931/https://www.forbes.com/sites/cathyrubin/2025/02/03/how-ai-tech-and-policy-can-stop-the-wildfire-crisis/,"A fire fighting helicopter drops water as the Palisades fire grows near the Mandeville Canyon ... [+] neighborhood and Encino, California, on January 11, 2025. The Palisades Fire, the largest of the … [+6951 chars]",,en,'wildfire military'
https://www.abc.net.au/news/2025-02-04/what-is-dry-lightning-bushfire-victoria-bom/104889606,https://www.abc.net.au/news/2025-02-04/what-is-dry-lightning-bushfire-victoria-bom/104889606,0,www.abc.net.au,What is dry lightning and how does it start bushfires?,Dry lightning strikes have been blamed for causing a number of bushfires across Victoria. But what's the difference between dry and wet lightning?,https://live-production.wcms.abc-cdn.net.au/403550a37aef81f01de687e31854c58c?impolicy=wcms_watermark_news&cropH=648&cropW=1152&xPos=0&yPos=441&width=862&height=485&imformat=generic,2025-02-03T18:49:02Z,https://web.archive.org/web/20250203193629/https://www.abc.net.au/news/2025-02-04/what-is-dry-lightning-bushfire-victoria-bom/104889606,"Lightning strikes have started multiple bushfires and destroyed at least three homes across Victoria amid searing heatwave conditions. 
More than 500,000 lightning strikes were recorded across Victo… [+4279 chars]",,en,'bushfire'
https://archinect.com/news/article/150463394/aia-la-wildfire-disaster-response-task-force-leaders-on-rebuilding-our-approach-must-be-holistic,https://archinect.com/news/article/150463394/aia-la-wildfire-disaster-response-task-force-leaders-on-rebuilding-our-approach-must-be-holistic,0,archinect.com,AIA | LA Wildfire Disaster Response Task Force leaders on rebuilding: 'Our approach must be holistic',"An unprecedented rebuilding process in Los Angeles County is rapidly afoot in the aftermath of the deadly wind-fueled wildfires that broke out across the city on January 7th, 2025. Leading their professional colleagues in the AIA Los Angeles chapter’s Ad Hoc …",https://archinect.gumlet.io/uploads/68/68b5a2ff0f5beb6ee2b6511cf1498a26.jpg?fit=crop&auto=compress%2Cformat&enlarge=true&crop=faces&w=1200&h=707,2025-02-03T20:38:00Z,,"An unprecedented rebuilding process in Los Angeles County is rapidly afoot in the aftermath of the deadly wind-fueled wildfires that broke out across the city on January 7th, 2025.
Leading their pro… [+9352 chars]",,en,'wildfire wind'
https://www.newsweek.com/pacific-coast-highway-reopens-following-california-wildfires-2025447,https://www.newsweek.com/pacific-coast-highway-reopens-following-california-wildfires-2025447,0,www.newsweek.com,Pacific Coast Highway Reopens Following Historic California Wildfires,PCH's closure has severely disrupted local transportation networks and emergency response capabilities across Los Angeles County.,https://d.newsweek.com/en/full/2580081/pch.jpg,2025-02-03T20:47:55Z,,"The Pacific Coast Highway (PCH) in Southern California reopened on Monday after being closed for nearly a month due to the devastating Palisades fire in Los Angeles. However, traffic has significant … [+4017 chars]",,en,'wildfire damage'
https://www.newsweek.com/california-homeowners-hit-sudden-22-percent-insurance-rate-increase-2025522,https://www.newsweek.com/california-homeowners-hit-sudden-22-percent-insurance-rate-increase-2025522,0,www.newsweek.com,California Homeowners Hit With Sudden 22 Percent Insurance Rate Increase,"As the Golden State faces increasing levels of environmental disasters and wildfires, many insurance companies have raised rates on homeowners.",https://d.newsweek.com/en/full/2580119/wildfire.jpg,2025-02-03T21:51:24Z,,"California homeowners will be seeing an insurance rate hike of more than 20 percent from State Farm following the devastating wildfires that devasted the southern part of the state last month.
Why I… [+5765 chars]",,en,'wildfire insurance'
https://www.cnn.com/2025/02/03/business/state-farm-home-insurance-rate-increase-california-wildfires/index.html,https://www.cnn.com/2025/02/03/business/state-farm-home-insurance-rate-increase-california-wildfires/index.html,0,www.cnn.com,State Farm seeks an emergency insurance rate increase after LA wildfires. It’s the latest blow to California’s housing market,"State Farm General, California’s largest insurance provider, has requested an emergency interim rate hike averaging 22% for homeowners from state officials on Monday, citing a “dire” financial situation after destructive Los Angeles wildfires last month.","https://media.cnn.com/api/v1/images/stellar/prod/ap25012646340723.jpg?c=16x9&q=w_800,c_fill",2025-02-03T22:02:57Z,http://archive.md/20250203222838/https://www.cnn.com/2025/02/03/business/state-farm-home-insurance-rate-increase-california-wildfires/index.html,"State Farm General, Californias largest insurance provider, has requested an emergency interim rate hike averaging 22% for homeowners from state officials on Monday, citing a dire financial situation… [+2820 chars]",,en,'wildfire'
https://www.cnet.com/personal-finance/insurance/does-your-home-insurance-cover-wildfire-destruction/,https://www.cnet.com/personal-finance/insurance/does-your-home-insurance-cover-wildfire-destruction/,0,www.cnet.com,Does Your Home Insurance Cover Wildfire Destruction?,The answer depends on where you live.,https://www.cnet.com/a/img/resize/58adc0d742cbf3d149c484cb9b7cadb54fd34a1f/hub/2025/02/03/2f5a8afb-52e7-4f4d-89bd-b414e7c86261/gettyimages-2192532723.jpg?auto=webp&fit=crop&height=675&width=1200,2025-02-03T22:19:41Z,,"As homeowners survey the damage from the wildfires that tore through Southern California this month, it's tough to peg how much it will cost to rebuild. CoreLogic, a real estate data firm, estimates … [+6509 chars]",,en,'wildfire'
https://www.npr.org/2025/01/31/nx-s1-5276397/wildfires-and-outdoor-workers,https://www.npr.org/2025/01/31/nx-s1-5276397/wildfires-and-outdoor-workers,0,www.npr.org,"Farmworkers feed the country, but who protects them from wildfire smoke?","Thousands of farmworkers labored in fields in Ventura County, Calif. in late January in wildfire smoke. They have little to no protection from its harmful effects.",https://npr.brightspotcdn.com/dims3/default/strip/false/crop/3000x1688+0+313/resize/1400/quality/100/format/jpeg/?url=http%3A%2F%2Fnpr-brightspot.s3.amazonaws.com%2Fbc%2F8c%2F41000e5749958d0e5c29d5053373%2Fgettyimages-2194946302.jpg,2025-02-03T22:39:49Z,,"A recent video circulating on social media showed farmworkers in Ventura County, Calif. picking strawberries under a blood-orange sky because of smoke from the Hughes Fire in north Los Angeles County… [+8752 chars]",,en,'wildfire'
http://hyperallergic.com/986799/11-shows-to-see-in-los-angeles-february-2025/,http://hyperallergic.com/986799/11-shows-to-see-in-los-angeles-february-2025/,0,hyperallergic.com,11 Shows to See in Los Angeles This February,"Work by artists impacted by last month’s fires, Joseph Beuys’s reforestation project, Alice Coltrane’s rippling influence, and much more.",https://hyperallergic-newspack.s3.amazonaws.com/uploads/2025/02/Petker_Pink-Watermelon-2024_JP1129.jpg,2025-02-03T23:08:41Z,,"Success! Your account was created and youre signed in.Please visit My Account to verify and manage your account.
An account was already registered with this email. Please check your inbox for an aut… [+10804 chars]",,en,'forest fire'
https://slashdot.org/firehose.pl?op=view&amp;id=176109311,https://slashdot.org/firehose.pl?op=view&amp;id=176109311,0,slashdot.org,Does Your Home Insurance Cover Wildfire Destruction?,The answer depends on where you live.,,2025-02-03T23:32:57Z,,The Fine Print: The following comments are owned by whoever posted them. We are not responsible for them in any way.,,en,'wildfire'
https://nypost.com/2025/02/03/us-news/la-wildfire-victims-forced-to-wait-up-to-18-months-for-debris-removal/,https://nypost.com/2025/02/03/us-news/la-wildfire-victims-forced-to-wait-up-to-18-months-for-debris-removal/,0,nypost.com,LA wildfire victims forced to wait up to 18 months for toxic ash and debris removal before rebuilding — thanks to government red tape,"“That’s a long time to wait for these governmental agencies to do their thing,” one resident, Kimberly Bloom, said.",https://nypost.com/wp-content/uploads/sites/2/2025/02/hazardous-waste-management-crew-survey-97848924.jpg?quality=75&strip=all&w=1024,2025-02-04T00:17:36Z,http://archive.md/20250206152132/https://nypost.com/2025/02/03/us-news/la-wildfire-victims-forced-to-wait-up-to-18-months-for-debris-removal/,"Government red tape means it could take up to 18 months to clear the ash and debris from the charred remains of homes that were burned in the Los Angeles wildfires.
A federal program will pay contra… [+4391 chars]",,en,'wildfire victims'
https://www.eurogamer.net/treyarch-co-founder-pleads-guilty-to-flying-drone-that-crashed-into-firefighting-plane-during-la-wildfires,https://www.eurogamer.net/treyarch-co-founder-pleads-guilty-to-flying-drone-that-crashed-into-firefighting-plane-during-la-wildfires,0,www.eurogamer.net,Treyarch co-founder pleads guilty to flying drone that crashed into firefighting plane during LA wildfires,"Treyarch co-founder Peter Akemann - who more recently served as president of Skydance Interactive - has pleaded guilty to flying the drone that crashed into, and grounded, a firefighting plane assisting in the efforts to control the recent LA wildfires.
 Read…",https://assetsio.gnwcdn.com/DJI-Mini-3-Pro.jpg?width=1200&height=630&fit=crop&enable=upscale&auto=webp,2025-02-04T00:41:00Z,http://archive.md/20250204051414/https://www.eurogamer.net/treyarch-co-founder-pleads-guilty-to-flying-drone-that-crashed-into-firefighting-plane-during-la-wildfires,"Treyarch co-founder Peter Akemann - who more recently served as president of Skydance Interactive - has pleaded guilty to flying the drone that crashed into, and grounded, a firefighting plane assist… [+2586 chars]",,en,'wildfire'
https://biztoc.com/x/5ed2299b5db654b7,https://biztoc.com/x/5ed2299b5db654b7,0,biztoc.com,State Farm seeks rate hikes in California to offset wildfire payouts,"California's largest private insurer, State Farm, on Monday urged the state's insurance regulator to approve an emergency hike in rates to help offset the hefty payouts the company is making after devastating wildfires in Los Angeles last month.",https://biztoc.com/cdn/808/og.png,2025-02-04T02:09:47Z,,"California's largest private insurer, State Farm, on Monday urged the state's insurance regulator to approve an emergency hike in rates to help offset the hefty payouts the company is making after de… [+103 chars]",,en,'wildfire'
https://freerepublic.com/focus/f-chat/4294779/posts,https://freerepublic.com/focus/f-chat/4294779/posts,0,freerepublic.com,"FAIR Plan gets 4,400 insurance claims from LA County wildfire victims
California's insurer of last resort reported that claims now are high enough to trigger ""reinsurance"" payments from back-up providers.","Expected claims payments to Los Angeles County wildfire victims appear to have exceeded $900 million for the state’s insurer of the last resort, allowing it to tap into “reinsurance” payments from back-up providers. In a statement released Thursday, Jan. 30, …",,2025-02-04T03:35:05Z,,"Skip to comments.
FAIR Plan gets 4,400 insurance claims from LA County wildfire victims
California's insurer of last resort reported that claims now are high enough to trigger ""reinsurance"" payment… [+1727 chars]",,en,'wildfire'
https://nypost.com/2025/02/03/business/state-farm-asks-for-22-home-insurance-rate-hike-in-california-after-la-wildfires/,https://nypost.com/2025/02/03/business/state-farm-asks-for-22-home-insurance-rate-hike-in-california-after-la-wildfires/,0,nypost.com,State Farm asks for 22% home insurance rate hike in California following LA wildfires,State Farm asked California on Monday if it could hike home insurance rates in the state by an average of 22% to address what it was claimed was a potentially “dire situation” related to payouts from the devastating Los Angeles-area wildfires The insurer clai…,https://nypost.com/wp-content/uploads/sites/2/2025/02/Untitled-1-36.jpg?quality=75&strip=all&w=1024,2025-02-04T03:39:27Z,https://web.archive.org/web/20250204034038/https://nypost.com/2025/02/03/business/state-farm-asks-for-22-home-insurance-rate-hike-in-california-after-la-wildfires/,State Farm asked California on Monday if it could hike home insurance rates in the state by an average of 22% to address what it has claimed was a potentially “dire situation” related to payouts from… [+3450 chars],,en,'wildfire'
https://slashdot.org/firehose.pl?op=view&amp;id=176117645,https://slashdot.org/firehose.pl?op=view&amp;id=176117645,0,slashdot.org,State Farm Seeks an Urgent Increase in California Rates After Fires - The New York Times,State Farm Seeks an Urgent Increase in California Rates After FiresThe New York Times California wildfires: State Farm seeks an emergency insurance rate increase after LA wildfiresABC7 Los Angeles State Farm asks for 22% home insurance rate hike in California…,,2025-02-04T04:12:18Z,,The Fine Print: The following comments are owned by whoever posted them. We are not responsible for them in any way.,,en,'wildfire insurance'
https://www.decanter.com/wine-news/los-angeles-wildfires-devastated-the-local-wine-industry-whats-next-549876/,https://www.decanter.com/wine-news/los-angeles-wildfires-devastated-the-local-wine-industry-whats-next-549876/,0,www.decanter.com,Los Angeles wildfires devastated the local wine industry. What’s next?,"Firefighters in Pacific Palisades, 9 January 2025.
Recovery efforts after the destruction...
The post Los Angeles wildfires devastated the local wine industry. What’s next? appeared first on Decanter.",https://keyassets.timeincuk.net/inspirewp/live/wp-content/uploads/sites/34/2025/01/GettyImages-2192626759-credit-Jason-Ryan-NurPhoto-via-Getty-Images.jpg,2025-02-04T07:29:36Z,,"In early January, Los Angeles was devastated by multiple wildfires throughout the city. The three largest fires have burned 19,382ha and destroyed over 10,000 homes.
Beginning 7 January, newscasters… [+5016 chars]",,en,'wildfire'
https://www.rockpapershotgun.com/treyarch-co-founder-pleads-guilty-to-grounding-firefighting-plane-with-drone-during-la-wildfires,https://www.rockpapershotgun.com/treyarch-co-founder-pleads-guilty-to-grounding-firefighting-plane-with-drone-during-la-wildfires,0,www.rockpapershotgun.com,Treyarch co-founder pleads guilty to grounding firefighting plane with drone during LA wildfires,"Peter Akemann - co-founder of Call Of Duty's Treyarch and recent president of The Walking Dead: Saints & Sinners studio Skydance Interactive - has pleaded guilty to crashing a drone into a firefighting plane assisting with the recent LA wildfires. The crash, …",https://assetsio.gnwcdn.com/Call-of-Duty-Black-Ops-6-Woods-training.png?width=1200&height=630&fit=crop&enable=upscale&auto=webp,2025-02-04T11:02:19Z,,Peter Akemann - co-founder of Call Of Duty's Treyarch and recent president of The Walking Dead: Saints &amp; Sinners studio Skydance Interactive - has pleaded guilty to crashing a drone into a firefi… [+2601 chars],,en,'wildfire damage'
http://commercialobserver.com/2025/02/reinsurance-la-fires-calif/,http://commercialobserver.com/2025/02/reinsurance-la-fires-calif/,0,commercialobserver.com,The Reinsurance Market After the L.A. Wildfires Is a Guessing Game,Property reinsurance will cover at least some of the uncounted billions of dollars in property losses from the wave of Los Angeles-area wildfires in January.  How much it will end up covering remains a mystery due to the still-inconclusive damage estimates as…,https://commercialobserver.com/wp-content/uploads/sites/3/2025/02/GettyImages-2192561108.jpg?quality=80&w=1200&h=630&crop=1,2025-02-04T11:05:11Z,http://archive.md/20250204155116/https://commercialobserver.com/2025/02/reinsurance-la-fires-calif/,"Property reinsurance will cover at least some of the uncounted billions of dollars in property losses from the wave of Los Angeles-area wildfires in January. 
How much it will end up covering remain… [+8998 chars]",,en,'wildfire damage'
https://www.techspot.com/news/106630-treyarch-co-founder-pleads-guilty-drone-collision-firefighting.html,https://www.techspot.com/news/106630-treyarch-co-founder-pleads-guilty-drone-collision-firefighting.html,0,www.techspot.com,Treyarch co-founder pleads guilty to drone collision with firefighting plane during LA wildfires,"On January 9, Akemann flew his DJI Mini 3 Pro drone into restricted airspace over the Palisades Fire in Los Angeles. The drone collided with a ""Super Scooper"" water-dumping plane, causing significant damage to its left wing. The impact caused a 3-inch-by-6-in…",https://www.techspot.com/images2/news/bigimage/2025/02/2025-02-04-image.jpg,2025-02-04T11:58:00Z,,"Facepalm: Gaming executive Peter T. Akemann has pleaded guilty to a serious aviation incident that occurred during the recent Los Angeles wildfires. Akemann, co-founder of the Call of Duty studio Tre… [+2724 chars]",,en,'wildfire damage'
https://www.tweaktown.com/news/102999/call-of-duty-studio-co-founder-confirms-he-crashed-drone-into-aircraft-fighting-la-wildfires/index.html,https://www.tweaktown.com/news/102999/call-of-duty-studio-co-founder-confirms-he-crashed-drone-into-aircraft-fighting-la-wildfires/index.html,0,www.tweaktown.com,Call of Duty studio co-founder confirms he crashed a drone into aircraft fighting LA wildfires,"Peter Tripp Akemann, a co-founder of Call of Duty studio Treyarch, has pleaded guilty to crashing a drone into a firefighting aircraft. Continue reading at TweakTown >",https://static.tweaktown.com/news/1/0/102999_56561_call-of-duty-co-founder-confirms-he-crashed-drone-into-aircraft-fighting-la-wildfires_full.jpg,2025-02-04T14:47:03Z,,"TL;DR: Peter Tripp Akemann, a co-founder of a Call of Duty studio, has admitted guilt for crashing a drone into a firefighting aircraft during efforts to extinguish wildfires in Los Angeles.
The Dep… [+1881 chars]",,en,'wildfire'
https://gizmodo.com/video-game-exec-pleads-guilty-to-crashing-drone-into-firefighting-plane-during-la-wildfires-2000558981,https://gizmodo.com/video-game-exec-pleads-guilty-to-crashing-drone-into-firefighting-plane-during-la-wildfires-2000558981,0,gizmodo.com,Video Game Exec Pleads Guilty to Crashing Drone Into Firefighting Plane During LA Wildfires,"He'll pay almost $70,000 to repair the plane and do 150 hours of community service.",https://gizmodo.com/app/uploads/2025/02/TreyarchFounderHole.jpg,2025-02-04T16:00:13Z,,"Peter T. Akemann, the co-founder of the Treyarch video game studio, has pleaded guilty to recklessly flying a drone during the California wildfire. According to his own admission, the video game exec… [+4474 chars]",,en,'wildfire'
https://www.thewrap.com/grammy-weekend-money-raised-la-wildfire-relief/,https://www.thewrap.com/grammy-weekend-money-raised-la-wildfire-relief/,0,www.thewrap.com,Grammys Weekend Raises Over $24 Million for LA Wildfire Relief Efforts,"Nearly $9 million was raised at the Grammy Awards on Sunday alone
The post Grammys Weekend Raises Over $24 Million for LA Wildfire Relief Efforts appeared first on TheWrap.",https://www.thewrap.com/wp-content/uploads/2025/02/grammys-2025-chappell-roan.jpg,2025-02-04T16:41:04Z,,The Recording Academy and CBS decision to turn the 67th Annual Grammy Awards into a fundraising event has paid off. Sunday nights awards show raised over $24 million for wildlife relief efforts as we… [+1607 chars],,en,'wildfire relief'
https://www.forbes.com/sites/bryanrobinson/2025/02/04/new-study-identifies-at-risk-states-for-natural-disasters-in-2025/,https://www.forbes.com/sites/bryanrobinson/2025/02/04/new-study-identifies-at-risk-states-for-natural-disasters-in-2025/,0,www.forbes.com,New Study Identifies At-Risk States For Natural Disasters In 2025,"A new study reveals the top at-risk states for natural disasters in 2025, based on an analysis of previous incidences of wildfires, tornadoes and floods.",https://imageio.forbes.com/specials-images/imageserve/67a11985459e8b71228aa381/0x0.jpg?format=jpg&height=900&width=1600&fit=bounds,2025-02-04T20:10:36Z,,"Some states are at greater risk for natural disasters than others. A new study identifies at-risk ... [+] states for natural disasters in 2025.
AFP via Getty Images
The world feels heavy right now … [+6985 chars]",,en,'wildfire'
https://www.foxnews.com/politics/researchers-blame-ca-wildfires-climate-change-pedal-alarmist-non-peer-reviewed-studies-experts,https://www.foxnews.com/politics/researchers-blame-ca-wildfires-climate-change-pedal-alarmist-non-peer-reviewed-studies-experts,0,www.foxnews.com,"Researchers blame CA wildfires on climate change, pedal 'alarmist' non-peer reviewed studies: Experts",Environmental critics claim 'alarmist' research group that blamed LA wildfires on climate change in a non-peer reviewed study has 'no scientific foundation.',https://static.foxnews.com/foxnews.com/content/uploads/2025/01/los-angeles-wildfires-ca-update_10.jpg,2025-02-04T20:16:16Z,http://archive.md/20250204212544/https://www.foxnews.com/politics/researchers-blame-ca-wildfires-climate-change-pedal-alarmist-non-peer-reviewed-studies-experts,An international research group backed by billionaire Jeff Bezos and the progressive George Soros Foundation has made headlines in major news outlets recently for its study claiming that the LA wildf… [+5800 chars],,en,'wildfire climate change'
https://www.kpbs.org/podcasts/kpbs-midday-edition/knowing-your-rights-and-staying-prepared-for-wildfires,https://www.kpbs.org/podcasts/kpbs-midday-edition/knowing-your-rights-and-staying-prepared-for-wildfires,0,www.kpbs.org,Knowing your rights and staying prepared for wildfires,"We discuss the impact wildfires can have on tenants, people with dementia and incarcerated firefighters.",https://cdn.kpbs.org/dims4/default/c2cf8f1/2147483647/strip/true/crop/2048x1075+0+369/resize/1200x630!/quality/90/?url=http%3A%2F%2Fkpbs-brightspot.s3.us-west-2.amazonaws.com%2F6f%2F17%2F1b9714f846ef922d51d9e76ec4f8%2Fborder-2-jan-25-2025.jpg,2025-02-05T00:26:00Z,https://web.archive.org/web/20250205222600/https://www.kpbs.org/podcasts/kpbs-midday-edition/knowing-your-rights-and-staying-prepared-for-wildfires,"S1: It's time for Midday Edition on KPBS. For today's show , we're talking about how to handle the many situations wildfires cause. I'm Jade Hyndman with conversations that keep you informed , inspir… [+39971 chars]",,en,'wildfire insurance'
https://www.inman.com/2025/02/04/car-publishes-open-letter-to-support-la-wildfire-victims/,https://www.inman.com/2025/02/04/car-publishes-open-letter-to-support-la-wildfire-victims/,0,www.inman.com,CAR publishes open letter to support LA wildfire victims,"The letter, to be published in the ""LA Times"" and other prominent news outlets, provides information for California residents impacted by the fires about price gouging, fraudulent activities and unsolicited offers.",https://assets.inman.com/wp-content/uploads/2025/02/Fire-fighting-plane_Canva-1024x576.jpg,2025-02-05T01:00:40Z,https://web.archive.org/web/20250208060824/https://www.inman.com/2025/02/04/car-publishes-open-letter-to-support-la-wildfire-victims/,"Turn up the volume on your real estate success at Inman On Tour: Nashville! Connect with industry trailblazers and top-tier speakers to gain powerful insights, cutting-edge strategies, and invaluable… [+4160 chars]",,en,'wildfire'
https://financialpost.com/pmn/californias-insurance-crisis-leaves-neighbors-facing-unequal-recovery-after-wildfires,https://financialpost.com/pmn/californias-insurance-crisis-leaves-neighbors-facing-unequal-recovery-after-wildfires,0,financialpost.com,California’s insurance crisis leaves neighbors facing unequal recovery after wildfires,"SACRAMENTO, Calif. (AP) — Before a wildfire ravaged their street in northwest Altadena, Louise Hamlin and Chris Wilson lived next door to each other in nearly identical houses. “I chose an old home in an old neighborhood because it has soul,” said Hamlin, a 5…",,2025-02-05T05:35:10Z,,"Author of the article:
Article content
SACRAMENTO, Calif. (AP) Before a wildfire ravaged their street in northwest Altadena, Louise Hamlin and Chris Wilson lived next door to each other in nearly i… [+12811 chars]",,en,'wildfire house'
https://biztoc.com/x/c49e90665f3ea3e9,https://biztoc.com/x/c49e90665f3ea3e9,0,biztoc.com,California's insurance crisis leaves neighbors facing unequal recovery after wildfires,"Before a wildfire ravaged their street in northwest Altadena, Louise Hamlin and Chris Wilson lived next door to each other in nearly identical houses.
“I chose an old home in an old neighborhood because it has soul,” said Hamlin, a 51-year-old single mom with…",https://biztoc.com/cdn/c49e90665f3ea3e9_s.webp,2025-02-05T05:41:58Z,https://web.archive.org/web/20250209174917/https://biztoc.com/x/c49e90665f3ea3e9,"Before a wildfire ravaged their street in northwest Altadena, Louise Hamlin and Chris Wilson lived next door to each other in nearly identical houses.I chose an old home in an old neighborhood becaus… [+147 chars]",,en,'wildfire insurance'
https://www.insurancejournal.com/news/west/2025/02/05/810760.htm,https://www.insurancejournal.com/news/west/2025/02/05/810760.htm,0,www.insurancejournal.com,"LA Wildfire Losses Seen as High as $164 Billion, UCLA Says","Economic losses from the fires that tore through Los Angeles County in January range from $95 billion to $164 billion, according to a new report, potentially making the blazes the second-costliest natural disaster in U.S. history. The Eaton and Palisades …",https://www.insurancejournal.com/app/uploads/2025/01/Palisades-Fire-2024-No.-6-by-CalFire-scaled.jpg,2025-02-05T06:00:59Z,https://web.archive.org/web/20250207010748/https://www.insurancejournal.com/news/west/2025/02/05/810760.htm,"Economic losses from the fires that tore through Los Angeles County in January range from $95 billion to $164 billion, according to a new report, potentially making the blazes the second-costliest na… [+4328 chars]",,en,'wildfire insurance'
https://abcnews.go.com/Business/wireStory/californias-insurance-crisis-leaves-neighbors-facing-unequal-recovery-118473021,https://abcnews.go.com/Business/wireStory/californias-insurance-crisis-leaves-neighbors-facing-unequal-recovery-118473021,0,abcnews.go.com,California's insurance crisis leaves neighbors facing unequal recovery after wildfires,"Next-door neighbors lost their near-identical homes in a California wildfire, but how they are navigating rebuilding is a story of contrasting fortunes and unequal recovery, a stark reflection of the nation’s growing home insurance crisis",https://i.abcnewsfe.com/a/3c0c5128-643f-47a5-bce5-678386a918c5/wirestory_b545beb6c8d287eba852f9c1b1d1e504_16x9.jpg?w=1600,2025-02-05T06:06:17Z,,"SACRAMENTO, Calif. -- Before a wildfire ravaged their street in northwest Altadena, Louise Hamlin and Chris Wilson lived next door to each other in nearly identical houses.
I chose an old home in an… [+9619 chars]",,en,'wildfire insurance'
https://www.perthnow.com.au/news/bushfires/langford-and-beckenham-bushfire-residents-told-to-leave-now-as-blaze-roars--c-17621791,https://www.perthnow.com.au/news/bushfires/langford-and-beckenham-bushfire-residents-told-to-leave-now-as-blaze-roars--c-17621791,0,www.perthnow.com.au,Langford and Beckenham bushfire: Residents told to leave now as blaze roars,Langford and Beckenham bushfire: Residents told to leave now as blaze roarsperthnow.com.au,https://images.perthnow.com.au/publication/C-17621791/dec57cec44a191bbb07510614be3019524307b03-16x9-x0y10w686h386.jpg?imwidth=1200,2025-02-05T06:53:02Z,https://web.archive.org/web/20250205081739/https://www.perthnow.com.au/news/bushfires/langford-and-beckenham-bushfire-residents-told-to-leave-now-as-blaze-roars--c-17621791,"Authorities are battling an emergency level bushfire in the City of Gosnells, with residents told to flee the area immediately as lives and homes are under threat.
An emergency warning is in place f… [+1243 chars]",,en,'bushfire'
https://biztoc.com/x/de5251875bc8b17d,https://biztoc.com/x/de5251875bc8b17d,0,biztoc.com,California's insurance crisis leaves neighbors facing unequal recovery after wildfires,"Next-door neighbors lost their near-identical homes in a California wildfire, but how they are navigating rebuilding is a story of contrasting fortunes and unequal recovery, a stark reflection of the nation’s growing home insurance crisis",https://biztoc.com/cdn/de5251875bc8b17d_s.webp,2025-02-05T08:06:18Z,,"Next-door neighbors lost their near-identical homes in a California wildfire, but how they are navigating rebuilding is a story of contrasting fortunes and unequal recovery, a stark reflection of the… [+98 chars]",,en,'wildfire insurance'
https://www.businessinsider.com/moved-california-texas-after-fire-destroyed-home-2025-2,https://www.businessinsider.com/moved-california-texas-after-fire-destroyed-home-2025-2,0,www.businessinsider.com,"We moved from California to Texas after a wildfire destroyed our home. Our income is lower, but we love the state.",The Ruiz family moved from San Bernardino to San Antonio in September after the Line Fire destroyed everything in their bedroom and dining room.,https://i.insider.com/67a26379eb4be2fff9a3761d?width=1200&format=jpeg,2025-02-05T10:05:02Z,,"The Ruiz family.Courtesy of Gerardo and Tomi Ruiz
<ul><li>Gerardo and Tomi Ruiz moved from San Bernardino, California, to San Antonio, Texas, in September.</li><li>They moved with their two young so… [+5869 chars]",,en,'wildfire'
https://www.hospitalitynet.org/news/4125698.html,https://www.hospitalitynet.org/news/4125698.html,0,www.hospitalitynet.org,Important Insurance Guidance for Those Affected by the Recent Southern California Wildfires,The California Insurance Commissioner recently issued a bulletin with critical information regarding insurance payment obligations following a declared emergency. This guidance includes key provisions under California law that are vital for wildfire victims t…,https://www.hospitalitynet.org/HN-icon.jpg,2025-02-05T11:09:54Z,,The California Insurance Commissioner recently issued a bulletin with critical information regarding insurance payment obligations following a declared emergency. This guidance includes key provision… [+2050 chars],,en,'wildfire insurance'
https://www.businessinsider.com/california-largest-home-insurer-state-farm-premium-hike-la-fires-2025-2,https://www.businessinsider.com/california-largest-home-insurer-state-farm-premium-hike-la-fires-2025-2,0,www.businessinsider.com,California's largest home insurer wants to hike rates by 22% for homeowners to help pay for LA's wildfires,"State Farm has asked the state's insurance commissioner for approval to increase premiums on homeowners, citing financial challenges.",https://i.insider.com/67a275bfeb4be2fff9a37a22?width=1200&format=jpeg,2025-02-05T16:11:45Z,http://archive.md/20250205164401/https://www.businessinsider.com/california-largest-home-insurer-state-farm-premium-hike-la-fires-2025-2,"The aftermath of the Los Angeles wildfires could exacerbate a mounting challenge for California homeowners: ever-higher insurance costs.
California's largest home insurance provider, State Farm, has… [+4996 chars]",,en,'wildfire'
https://www.fastcompany.com/91273336/la-wildfire-survivors-unequal-rebuilding-battle-insurance-crisis,https://www.fastcompany.com/91273336/la-wildfire-survivors-unequal-rebuilding-battle-insurance-crisis,0,www.fastcompany.com,How L.A. wildfire survivors face an unequal rebuilding battle due to insurance crisis,"Before a wildfire ravaged their street in northwest Altadena, Louise Hamlin and Chris Wilson lived next door to each other in nearly identical houses.



“I chose an old home in an old neighborhood because it has soul,” said Hamlin, a 51-year-old single mom w…","https://images.fastcompany.com/image/upload/f_webp,q_auto,c_fit/wp-cms-2/2025/02/AP25031090763104.jpg",2025-02-05T18:02:18Z,,"Before a wildfire ravaged their street in northwest Altadena, Louise Hamlin and Chris Wilson lived next door to each other in nearly identical houses.
I chose an old home in an old neighborhood beca… [+9588 chars]",,en,'wildfire'
https://www.smithsonianmag.com/science-nature/heres-how-the-los-angeles-wildfires-are-affecting-animals-from-fish-to-snakes-to-birds-180986004/,https://www.smithsonianmag.com/science-nature/heres-how-the-los-angeles-wildfires-are-affecting-animals-from-fish-to-snakes-to-birds-180986004/,0,www.smithsonianmag.com,"Here’s How the Los Angeles Wildfires Are Affecting Animals, From Fish to Snakes to Birds","While scientists were able to save and move some creatures in the aftermath, researchers are worried about the prospects for other species",https://th-thumbnailer.cdn-si-edu.com/G_tZN5gTAc4PrjdcliHWYdsgZV8=/fit-in/1200x0/filters:focal(800x602:801x603)/https%3A%2F%2Ftf-cmsv2-smithsonianmag-media.s3.amazonaws.com%2Ffiler_public%2Ff7%2Fde%2Ff7de9662-4215-46b7-bb9d-23b1b9ea8e6f%2Fmain_sm_phrynosoma-2241.jpg,2025-02-05T18:11:33Z,,"On January 23, dozens of biologists laden with electrified backpacks, nets and buckets marched into the smoldering moonscape that the Palisades Fire had created in the Santa Monica Mountains. A rescu… [+13420 chars]",,en,'wildfire climate change'
https://www.kpbs.org/news/economy/2025/02/05/la-neighbors-have-vastly-different-post-wildfire-rebuilding-options-due-to-insurance-crisis,https://www.kpbs.org/news/economy/2025/02/05/la-neighbors-have-vastly-different-post-wildfire-rebuilding-options-due-to-insurance-crisis,0,www.kpbs.org,LA neighbors have vastly different post-wildfire rebuilding options due to insurance crisis,"Next-door neighbors lost their near-identical homes in a California wildfire, but how they are navigating rebuilding is a story of contrasting fortunes and unequal recovery, a stark reflection of the nation’s growing home insurance crisis.",https://cdn.kpbs.org/dims4/default/37e648a/2147483647/strip/true/crop/1024x538+0+73/resize/1200x630!/quality/90/?url=http%3A%2F%2Fkpbs-brightspot.s3.us-west-2.amazonaws.com%2Fb7%2F54%2Fc59a9127467cb08edab9e9e2a501%2Fap25031090763104.jpg,2025-02-05T19:27:02Z,,"Before a wildfire ravaged their street in northwest Altadena, Louise Hamlin and Chris Wilson lived next door to each other in nearly identical houses.
I chose an old home in an old neighborhood beca… [+9645 chars]",,en,'wildfire insurance'
https://www.psychologytoday.com/intl/blog/happiness-and-the-pursuit-of-leadership/202502/rising-from-the-ashes,https://www.psychologytoday.com/intl/blog/happiness-and-the-pursuit-of-leadership/202502/rising-from-the-ashes,0,www.psychologytoday.com,Rising from the Ashes,"It's common for people affected by natural disasters such as wildfires to feel anxious, unmoored, angry, and distressed. But most people eventually recover—and some grow stronger.",https://cdn2.psychologytoday.com/assets/styles/manual_crop_1_91_1_1528x800/public/field_blog_entry_images/2025-02/Sunset%20Fire%20YisroelB501%2C%20CC%20BY-SA%204.0.jpg?itok=Lm8LhvR3,2025-02-05T19:33:38Z,,"Disasters like wildfires devastate lives in an instant. But what about the long-term psychological effects?
The damage to homes, the displacement of families, and the destruction of cherished posses… [+6043 chars]",,en,'wildfire'
https://www.cbsnews.com/news/california-insurance-crisis-la-wildfires/,https://www.cbsnews.com/news/california-insurance-crisis-la-wildfires/,0,www.cbsnews.com,LA neighbors face vast inequality in rebuild due to insurance crisis,"Even next-door neighbors face starkly contrasting fortunes and unequal recovery, as nation's home insurance crisis grows.",https://assets2.cbsnewsstatic.com/hub/i/r/2025/02/05/d1c1120e-2b63-410f-b884-ddb4c0b30bce/thumbnail/1200x630/83e58b16a9612a2105504effe0cca5da/ap25031090763104.jpg?v=97bda152b45d25eb02fcfbdf2f321ea7,2025-02-05T21:03:14Z,,"Before a wildfire ravaged their street in northwest Altadena, Louise Hamlin and Chris Wilson lived next door to each other in nearly identical houses.
""I chose an old home in an old neighborhood bec… [+9799 chars]",,en,'wildfire house'
https://www.newsweek.com/california-regulatory-failure-blamed-wildfire-insurance-disaster-economist-2026381,https://www.newsweek.com/california-regulatory-failure-blamed-wildfire-insurance-disaster-economist-2026381,0,www.newsweek.com,California's 'Regulatory Failure' Blamed for Wildfire Insurance Disaster,"The California insurance crisis laid bare by the Los Angeles fires was fueled by ""regulatory failure,"" economist Nancy Wallace told Newsweek.",https://d.newsweek.com/en/full/2581551/california-wildfires-home.jpg,2025-02-06T09:00:02Z,,"A few years after settling down with her husband in California's East Bay, Nancy Wallace narrowly escaped death when the devastating Oakland Hills firestorm of 1991 burned down her home and claimed t… [+8186 chars]",,en,'wildfire disaster'
https://biztoc.com/x/08c8233f13e86b55,https://biztoc.com/x/08c8233f13e86b55,0,biztoc.com,California's 'Regulatory Failure' Blamed for Wildfire Insurance Disaster,"A few years after settling down with her husband in California's East Bay, Nancy Wallace narrowly escaped death when the devastating Oakland Hills firestorm of 1991 burned down her home and claimed the lives of 25 people.
""It was a shock, we really had no exp…",https://biztoc.com/cdn/08c8233f13e86b55_s.webp,2025-02-06T09:07:31Z,,"A few years after settling down with her husband in California's East Bay, Nancy Wallace narrowly escaped death when the devastating Oakland Hills firestorm of 1991 burned down her home and claimed t… [+146 chars]",,en,'wildfire'
https://www.nbcnews.com/science/climate-change/california-fires-weather-climate-change-rcna190892,https://www.nbcnews.com/science/climate-change/california-fires-weather-climate-change-rcna190892,0,www.nbcnews.com,How weather driven by climate change helped fuel the Southern California fires,"The wildfires that ravaged the Los Angeles area were driven by monthslong, climate change-fueled weather patterns, according to scientists.","https://media-cldnry.s-nbcnews.com/image/upload/t_nbcnews-fp-1200-630,f_auto,q_auto:best/rockcms/2025-01/250114-Pacific-Palisades-California-Palisades-Fire-Super-Scooper-firefighting-plane-ocean-water-ac-757p-c206ef.jpg",2025-02-06T17:06:57Z,http://archive.md/20250206173724/https://www.nbcnews.com/science/climate-change/california-fires-weather-climate-change-rcna190892,"The wildfires that ravaged the Los Angeles area last month were driven by monthslong, climate change-fueled weather patterns, according to scientists studying the meteorological factors behind them.… [+3078 chars]",,en,'wildfire'
https://www.cdc.gov/mmwr/volumes/74/wr/mm7403a1.htm,https://www.cdc.gov/mmwr/volumes/74/wr/mm7403a1.htm,0,www.cdc.gov,"Notes from the Field: Serum Concentrations of Perfluoroalkyl and Polyfluoroalkyl Substances Among First Responders to the Maui Wildfires - Hawaii, September 2023","This report describes concentrations of perfluoroalkyl and polyfluoroalkyl substances among Maui County, Hawaii employees one month after the 2023 Maui wildfires.",https://www.cdc.gov/mmwr/volumes/74/wr/social-media/mm7403a1_MauiWildfires_IMAGE_06Feb2025_1200x675.png?_=76668,2025-02-06T18:00:00Z,http://archive.md/20250207032541/https://www.cdc.gov/mmwr/volumes/74/wr/mm7403a1.htm,"Summary
What is already known about this topic?
Perfluoroalkyl and polyfluoroalkyl substances (PFAS), present in some firefighting foams and routine firefighting activities, can increase the risk f… [+14784 chars]",,en,'wildfire'
https://abcnews.go.com/Health/percentage-emergency-visits-related-fire-smoke-inhalation-rose/story?id=118533590,https://abcnews.go.com/Health/percentage-emergency-visits-related-fire-smoke-inhalation-rose/story?id=118533590,0,abcnews.go.com,"Percentage of emergency visits related to fire, smoke inhalation rose eightfold after LA wildfires: Report","Percentage of emergency visits related to fire, smoke inhalation rose eightfold after LA wildfires: Reportgo.com",https://i.abcnewsfe.com/a/6a12f09b-6ab9-47c8-af15-37f5162543dd/calif-fire30-gty-ml-250109_1736449433227_hpMain_16x9.jpg?w=1600,2025-02-06T18:08:52Z,,"The percentage of emergency department (ED) visits related to fire and smoke inhalation rose dramatically in the days immediately after the Los Angeles wildfires last month, new data published Thursd… [+3068 chars]",,en,'wildfire'
https://www.pbs.org/newshour/nation/california-utility-says-its-equipment-may-have-started-blaze-that-erupted-during-la-firestorm,https://www.pbs.org/newshour/nation/california-utility-says-its-equipment-may-have-started-blaze-that-erupted-during-la-firestorm,0,www.pbs.org,California utility says its equipment may have started blaze that erupted during LA firestorm,A California utility says its equipment may have sparked a small wildfire in Los Angeles that broke out the same day as two massive blazes in the area killed at least 29 people and destroyed thousands of homes.,https://d3i6fh83elv35t.cloudfront.net/static/2025/02/2025-01-10T015437Z_171218835_RC2L6CA8VEG0_RTRMADP_3_CALIFORNIA-WILDFIRES-ALTADENA-1024x683.jpg,2025-02-06T19:11:46Z,,LOS ANGELES (AP) A California utility said Thursday that its equipment may have sparked a small wildfire in Los Angeles that broke out the same day as two massive blazes in the area that killed at le… [+2263 chars],,en,'wildfire'
https://www.foxnews.com/politics/newsom-changes-ton-trump-campaign-rhetoric-federal-wildfire-recovery-funds-stake,https://www.foxnews.com/politics/newsom-changes-ton-trump-campaign-rhetoric-federal-wildfire-recovery-funds-stake,0,www.foxnews.com,Newsom changes tone on Trump from campaign rhetoric with federal wildfire recovery funds at stake,"California Gov. Gavin Newsom has long been a leading adversary and target of President Donald Trump. But the governor, in need of federal help, is working with the White House.",https://static.foxnews.com/foxnews.com/content/uploads/2025/01/president-donald-trump-administration-california-widfires_006.jpg,2025-02-06T19:29:38Z,http://archive.md/20250206200455/https://www.foxnews.com/politics/newsom-changes-ton-trump-campaign-rhetoric-federal-wildfire-recovery-funds-stake,"Join Fox News for access to this content
Plus special access to select articles and other premium content with your account - free of charge.
By entering your email and pushing continue, you are ag… [+7690 chars]",,en,'wildfire'
https://techcrunch.com/2025/02/06/snap-ceo-helps-launch-la-wildfire-recovery-program/,https://techcrunch.com/2025/02/06/snap-ceo-helps-launch-la-wildfire-recovery-program/,0,techcrunch.com,Snap CEO helps launch LA wildfire recovery program,"Snap CEO Evan Spiegel and Miguel Santana, the chief executive of the California Community Foundation, are launching a program focused on helping residents in Altadena and Pacific Palisades rebuild on their own terms after last month’s wildfires. The Californi…","https://techcrunch.com/wp-content/uploads/2019/10/Evan-Spiegel-SnapDSC04070.jpg?resize=1200,800",2025-02-06T20:49:01Z,,"Snap CEO Evan Spiegel and the chief executive of the California Community Foundation, Miguel Santana, are launching a program focused on helping residents in Altadena and Pacific Palisades rebuild on… [+957 chars]",,en,'wildfire residents'
https://biztoc.com/x/125033c6df363e57,https://biztoc.com/x/125033c6df363e57,0,biztoc.com,Snap CEO helps launch LA wildfire recovery program,"Snap CEO Evan Spiegel and Miguel Santana, the chief executive of the California Community Foundation, are launching a program focused on helping residents in Altadena and Pacific Palisades rebuild on their own terms after last month’s wildfires.
The Californi…",https://biztoc.com/cdn/125033c6df363e57_s.webp,2025-02-06T20:50:57Z,https://web.archive.org/web/20250208103432/https://biztoc.com/x/125033c6df363e57,"Snap CEO Evan Spiegel and Miguel Santana, the chief executive of the California Community Foundation, are launching a program focused on helping residents in Altadena and Pacific Palisades rebuild on… [+147 chars]",,en,'wildfire'
https://www.breitbart.com/weather/2025/02/06/wsj-late-evacuation-alerts-blamed-wildfire-deaths-altadena/,https://www.breitbart.com/weather/2025/02/06/wsj-late-evacuation-alerts-blamed-wildfire-deaths-altadena/,0,www.breitbart.com,WSJ: Late Evacuation Alerts Blamed for Wildfire Deaths in Altadena,"Emergency alerts for residents of west Altadena came too late, leading to a cluster of fatalities in the area as the wildfire raged on.
The post WSJ: Late Evacuation Alerts Blamed for Wildfire Deaths in Altadena appeared first on Breitbart.",https://media.breitbart.com/media/2025/01/homes-on-fire-altadena-california-wildfires-1-8-25-ap-640x335.jpg,2025-02-06T21:40:18Z,https://web.archive.org/web/20250208152804/https://www.breitbart.com/weather/2025/02/06/wsj-late-evacuation-alerts-blamed-wildfire-deaths-altadena/,"Emergency alerts for residents of west Altadena came too late, leading to a cluster of fatalities in the area as the wildfire raged on, according to an analysis from the Wall Street Journal.
The Eat… [+2618 chars]",,en,'wildfire residents'
https://www.vox.com/climate/398719/los-angeles-fire-reconstruction-insurance-housing,https://www.vox.com/climate/398719/los-angeles-fire-reconstruction-insurance-housing,0,www.vox.com,Los Angeles has a chance to protect itself from the next fire. It shouldn’t squander it,"At their peak, the devastating wildfires that ignited around Los Angeles in January forced upward of 200,000 people to evacuate and torched more than 16,000 homes, offices, and shops. The total economic losses may reach as high as $275 billion. Now the blazes…",https://platform.vox.com/wp-content/uploads/sites/2/2025/02/GettyImages-2197354032.jpg?quality=90&strip=all&crop=0%2C11.995479584427%2C100%2C76.009040831145&w=1200,2025-02-06T21:42:20Z,http://archive.md/20250207160030/https://www.vox.com/climate/398719/los-angeles-fire-reconstruction-insurance-housing,"Sisters Lesly and Rose Garrido-Lopez view the remains of their home which burned in the Eaton Fire.


At their peak, the devastating wildfires that ignited around Los Angeles in January forced upwar… [+8411 chars]",,en,'wildfire'
https://www.cbsnews.com/video/some-fear-trumps-immigration-orders-slow-la-area-wildfire-recovery/,https://www.cbsnews.com/video/some-fear-trumps-immigration-orders-slow-la-area-wildfire-recovery/,0,www.cbsnews.com,Some fear Trump's immigration orders could slow L.A. area wildfire recovery,President Trump's immigration crackdown could worsen what is already a shortage of construction workers as the Los Angeles area tries to rebuild homes and communities destroyed in the wildfires. CBS News senior national correspondent Mark Strassman has more.,https://assets2.cbsnewsstatic.com/hub/i/r/2025/02/07/be049798-5724-47fa-b859-82a47428b929/thumbnail/1200x630/69c0b5660efa31709278909ddeaa47c7/cbsn-fusion-some-fear-trumps-immigration-orders-slow-la-area-wildfire-recovery-thumbnail.jpg?v=d54d11a41ff0a005a15d3290716e6f92,2025-02-07T01:05:00Z,https://web.archive.org/web/20250208074534/https://www.cbsnews.com/video/some-fear-trumps-immigration-orders-slow-la-area-wildfire-recovery/,"Watch CBS News
Copyright ©2025 CBS Interactive Inc. All rights reserved.
Get browser notifications for breaking news, live events, and exclusive reporting.
Not NowTurn On",,en,'wildfire area'
https://www.cbsnews.com/news/epa-rushes-to-meet-trump-deadline-clear-toxic-debris-los-angeles-wildfire-zones/,https://www.cbsnews.com/news/epa-rushes-to-meet-trump-deadline-clear-toxic-debris-los-angeles-wildfire-zones/,0,www.cbsnews.com,EPA rushes to meet deadline to clear toxic debris from L.A. wildfire zones,An executive order signed by President Trump in late January called for the EPA to expedite its removal of hazardous materials from the Los Angeles area wildfire zones.,https://assets2.cbsnewsstatic.com/hub/i/r/2025/02/07/03ae630f-d33e-4f65-a6e9-2899ec67d5e0/thumbnail/1200x630/b0383ebb4f8a4669d834f270d379a03a/1738890761291.png?v=d54d11a41ff0a005a15d3290716e6f92,2025-02-07T01:13:51Z,https://web.archive.org/web/20250207151451/https://www.cbsnews.com/news/epa-rushes-to-meet-trump-deadline-clear-toxic-debris-los-angeles-wildfire-zones/,"Altadena, California — More than 9,000 homes and businesses were burned to the ground in the deadly Eaton Fire, which tore through the Los Angeles County community of Altadena last month. The Environ… [+3088 chars]",,en,'wildfire'
https://www.independent.ie/business/world/los-angeles-utility-firms-equipment-linked-to-hurst-wildfire/a1058919300.html,https://www.independent.ie/business/world/los-angeles-utility-firms-equipment-linked-to-hurst-wildfire/a1058919300.html,0,www.independent.ie,Los Angeles utility firm’s equipment linked to Hurst wildfire,A California utility said yesterday that its equipment likely sparked a small wildfire in Los Angeles that broke out the same day as two massive blazes in the area that killed at least 29 people and destroyed thousands of homes.,https://focus.independent.ie/thumbor/JpuJigS6W3qdyoJUG9Q8qIzvXGA=/0x0:3169x2113/629x0/prod-mh-ireland/9d947efe-7dbf-48ba-9498-db441e404690/f9633715-a972-40ae-874c-6844aee31798/9d947efe-7dbf-48ba-9498-db441e404690.jpg,2025-02-07T02:30:00Z,https://web.archive.org/web/20250208073332/https://www.independent.ie/business/world/los-angeles-utility-firms-equipment-linked-to-hurst-wildfire/a1058919300.html,A California utility said yesterday that its equipment likely sparked a small wildfire in Los Angeles that broke out the same day as two massive blazes in the area that killed at least 29 people and … [+238 chars],,en,'wildfire'
https://www.bangkokpost.com/world/2956165/california-asks-insurers-to-spare-wildfire-victims-the-list,https://www.bangkokpost.com/world/2956165/california-asks-insurers-to-spare-wildfire-victims-the-list,0,www.bangkokpost.com,California asks insurers to spare wildfire victims ‘the list’,<p>LOS ANGELES &mdash; California&rsquo;s top insurance regulator urged insurance carriers Thursday to pay policyholders the full amount of the belongings in their coverage without requiring them to itemise every object lost &mdash; an undertaking that has bu…,https://static.bangkokpost.com/media/content/20250207/c1_2956165_700.jpg,2025-02-07T04:02:00Z,,LOS ANGELES — California’s top insurance regulator urged insurance carriers Thursday to pay policyholders the full amount of the belongings in their coverage without requiring them to itemise every o… [+4012 chars],,en,'wildfire insurance'
https://www.cbc.ca/news/canada/edmonton/jasper-wildfire-recovery-housing-federal-funding-1.7452959,https://www.cbc.ca/news/canada/edmonton/jasper-wildfire-recovery-housing-federal-funding-1.7452959,0,www.cbc.ca,Federal government announces $60M more for Jasper wildfire recovery,"The government of Canada says it is spending more than $60 million to help Jasper, Alta., recover from last year's devastating wildfire.",https://i.cbc.ca/1.7452983.1738891572!/fileImage/httpImage/image.jpeg_gen/derivatives/16x9_1180/minister-terry-duguid.jpeg?im=Resize%3D620,2025-02-07T04:21:30Z,,"The government of Canada says it is spending more than $60 million to help Jasper, Alta., recover from last year's devastating wildfire.
Most of the funding will be spent on immediate housing soluti… [+3840 chars]",,en,'wildfire'
https://www.naturalnews.com/2025-02-07-state-farm-rate-hike-california-wildfires.html,https://www.naturalnews.com/2025-02-07-state-farm-rate-hike-california-wildfires.html,0,www.naturalnews.com,State Farm seeks 22% rate hike after California wildfires in shameful cash grab,"State Farm seeks a 22% emergency rate hike for homeowners in California, citing $1 billion in wildfire payouts and financial strain. Critics argue the hike is unjustified, pointing to State Farm’s $1.4 billion in underwriting profits. The insurer’s request in…",https://www.naturalnews.com/wp-content/uploads/sites/91/2025/02/California-Wildfires-2025-Highway-Destruction.jpg,2025-02-07T06:00:00Z,,"<ul><li>State Farm seeks a 22% emergency rate hike for homeowners in California, citing $1 billion in wildfire payouts and financial strain.</li><li>Critics argue the hike is unjustified, pointing to… [+4706 chars]",,en,'wildfire'
https://www.insurancejournal.com/news/west/2025/02/07/811132.htm,https://www.insurancejournal.com/news/west/2025/02/07/811132.htm,0,www.insurancejournal.com,LA Neighbors See Much Different Post-Wildfire Rebuilding Options Due to Insurance Crisis,"Before a wildfire ravaged their street in northwest Altadena, Louise Hamlin and Chris Wilson lived next door to each other in nearly identical houses. “I chose an old home in an old neighborhood because it has soul,” said Hamlin, a …",https://www.insurancejournal.com/app/uploads/2025/01/2025-Eaton-Fire-by-CalFire-1-scaled.jpg,2025-02-07T06:00:12Z,,"Before a wildfire ravaged their street in northwest Altadena, Louise Hamlin and Chris Wilson lived next door to each other in nearly identical houses.
“I chose an old home in an old neighborhood bec… [+10070 chars]",,en,'wildfire house'
https://www.insurancejournal.com/news/west/2025/02/07/811127.htm,https://www.insurancejournal.com/news/west/2025/02/07/811127.htm,0,www.insurancejournal.com,Edison Probing Retired Power Line as Possible Start of LA Eaton Fire,"Edison International’s utility is looking at whether a power line retired in 1971 started the Eaton wildfire as part of a probe into the cause of the blaze that razed more than 9,000 structures. Southern California Edison found evidence of …",https://www.insurancejournal.com/app/uploads/2025/02/426533305-Bloomberg-photo-scaled.jpg,2025-02-07T06:00:32Z,https://web.archive.org/web/20250212005114/https://www.insurancejournal.com/news/west/2025/02/07/811127.htm,"Edison International’s utility is looking at whether a power line retired in 1971 started the Eaton wildfire as part of a probe into the cause of the blaze that razed more than 9,000 structures.
Sou… [+3449 chars]",,en,'wildfire'
https://www.kqed.org/news/12026039/from-sonoma-to-los-angeles-wildfires-hit-child-care-industry-hard,https://www.kqed.org/news/12026039/from-sonoma-to-los-angeles-wildfires-hit-child-care-industry-hard,0,www.kqed.org,"From Sonoma to Los Angeles, Wildfires Hit Child Care Industry Hard","Nearly 300 child care facilities remain closed a month after the wildfires swept through Los Angeles County, upending tens of thousands of lives. Early educators there are looking to Sonoma County for lessons on how to recover.",https://cdn.kqed.org/wp-content/uploads/sites/10/2025/02/20250204_Post-Fire-Child-Care_DMB_00647-1020x680.jpg,2025-02-07T12:00:01Z,https://web.archive.org/web/20250208180521/https://www.kqed.org/news/12026039/from-sonoma-to-los-angeles-wildfires-hit-child-care-industry-hard,"After the 2017 Tubbs wildfire destroyed the Santa Rosa preschool Renee Whitlock-Hemsouvanh had opened three years earlier, she felt desperate and hopeless and uncertain of the school’s future.
Many … [+4064 chars]",,en,'wildfire'
https://theconversation.com/california-wildfires-force-students-to-think-about-the-connections-between-stem-and-society-248286,https://theconversation.com/california-wildfires-force-students-to-think-about-the-connections-between-stem-and-society-248286,0,theconversation.com,California wildfires force students to think about the connections between STEM and society,"In this course, eight professors share their disciplinary perspectives to help students analyze proposed interventions for increasing wildfire risks.",https://images.theconversation.com/files/645358/original/file-20250128-15-o6usn0.jpg?ixlib=rb-4.1.0&rect=130%2C546%2C8544%2C4265&q=45&auto=format&w=1356&h=668&fit=crop,2025-02-07T13:18:36Z,,"Satellite imagery shows the front line of the Palisades fire in Los Angeles on Jan. 11, 2025. Maxar Technologies/Contributor


Uncommon Courses is an occasional series from The Conversation U.S. hig… [+5985 chars]",,en,'wildfire climate change'
https://financialpost.com/pmn/business-wire-news-releases-pmn/canadian-space-agency-assigns-can72-million-contract-to-spire-global-canada-to-design-wildfiresat-mission,https://financialpost.com/pmn/business-wire-news-releases-pmn/canadian-space-agency-assigns-can72-million-contract-to-spire-global-canada-to-design-wildfiresat-mission,0,financialpost.com,Canadian Space Agency Assigns Can$72 Million Contract to Spire Global Canada to Design WildFireSat Mission,"Spire has agreed to develop a satellite constellation to monitor all active wildfires in Canada from space OroraTech has agreed to develop the payloads for the satellite constellation CAMBRIDGE, Ontario — Spire Global Canada, a subsidiary of Spire Global, Inc…",,2025-02-07T14:27:27Z,,"Author of the article:
Article content
Spire has agreed to develop a satellite constellation to monitor all active wildfires in Canada from space
OroraTech has agreed to develop the payloads for t… [+9914 chars]",,en,'wildfire climate change'
https://reason.com/2025/02/07/the-lost-treasures-of-californias-devastating-wildfires/,https://reason.com/2025/02/07/the-lost-treasures-of-californias-devastating-wildfires/,0,reason.com,The Lost Treasures of California's Devastating Wildfires,Some of California's architectural wonders were consumed by the flames.,https://d2eehagpk5cl65.cloudfront.net/img/q60/uploads/2025/02/zumaamericasfortyfive864849-scaled.jpg,2025-02-07T14:35:16Z,http://archive.md/20250208115633/https://reason.com/2025/02/07/the-lost-treasures-of-californias-devastating-wildfires/,It's been more than three weeks since the beginning of the Los Angeles area wildfires and the level of devastation is overwhelming. The numbers are stark: The fires killed 28 people and incinerated m… [+5001 chars],,en,'wildfire'
https://disneyfashionista.com/help-wildfire-relief-and-be-la-strong/,https://disneyfashionista.com/help-wildfire-relief-and-be-la-strong/,0,disneyfashionista.com,Help Wildfire Relief and Be LA Strong,"The California wildfires have affected as many as 200,000 residents of the Greater Los Angeles area. With more than 12,000 buildings and 40,000 acres burned, the destruction is devastating. Disney introduced a Fund Raiser today that allows you to assist commu…",,2025-02-07T14:55:58Z,,"Please note, some posts on Disney Fashionista may collect a share of sales, if you decide to shop through our linksThe California wildfires have affected as many as 200,000 residents of the Greater L… [+1940 chars]",,en,'wildfire'
https://www.foxnews.com/us/southern-california-edison-equipment-may-have-started-major-wildfire-ceo,https://www.foxnews.com/us/southern-california-edison-equipment-may-have-started-major-wildfire-ceo,0,www.foxnews.com,Southern California Edison's equipment may have started major wildfire: CEO,"Southern California Edison is looking into whether its equipment is tied to the Eaton and Hurst Fires, its parent company said, though the cause has not been officially determined.",https://static.foxnews.com/foxnews.com/content/uploads/2025/01/los-angeles-wildfires-update_014.jpg,2025-02-07T15:55:50Z,http://archive.md/20250207163512/https://www.foxnews.com/us/southern-california-edison-equipment-may-have-started-major-wildfire-ceo,"Southern California Edison, an electric company providing power to some 15 million Californians, said its equipment may have started the Hurst Fire and is looking into a possible connection to the Ea… [+3818 chars]",,en,'wildfire area'
https://biztoc.com/x/599a5fe76af0827c,https://biztoc.com/x/599a5fe76af0827c,0,biztoc.com,California Asks Insurers to Spare Wildfire Victims ‘the List’,California’s top insurance regulator urged insurance carriers on Thursday to pay policyholders the full amount of the belongings in their coverage without requiring them to itemize every object lost — an undertaking that has burdened thousands of residents wh…,https://biztoc.com/cdn/599a5fe76af0827c_s.webp,2025-02-07T16:32:58Z,,Californias top insurance regulator urged insurance carriers on Thursday to pay policyholders the full amount of the belongings in their coverage without requiring them to itemize every object lost a… [+148 chars],,en,'wildfire insurance'
https://www.forbes.com/sites/amandalauren/2025/02/07/la-wildfires-contained-but-the-fight-for-insurance-payouts-begins/,https://www.forbes.com/sites/amandalauren/2025/02/07/la-wildfires-contained-but-the-fight-for-insurance-payouts-begins/,0,www.forbes.com,LA Wildfires Contained—But The Fight For Insurance Payouts Begins,Plus. good news for LA wildfire victims who want to buy a new home right now and move on.,https://imageio.forbes.com/specials-images/imageserve/67a630efc7197dd7e1dd4573/0x0.jpg?format=jpg&height=900&width=1600&fit=bounds,2025-02-07T17:01:11Z,http://archive.md/20250208133315/https://www.forbes.com/sites/amandalauren/2025/02/07/la-wildfires-contained-but-the-fight-for-insurance-payouts-begins/,"The fires are contained, but the next step prove to be challenging for Los Angeles Wildfire victims.
Getty Images
On February 3rd, it was announced that the LA wildfires, both in the Pacific Palisa… [+6466 chars]",,en,'wildfire insurance'
https://www.newsweek.com/hawaii-wildfire-case-could-have-huge-implications-homeowners-2027510,https://www.newsweek.com/hawaii-wildfire-case-could-have-huge-implications-homeowners-2027510,0,www.newsweek.com,Hawaii Wildfire Case Could Have Huge Implications for Homeowners,"Regardless of which way the court rules, homeowners could be impacted from a case that revolves around a $4 billion settlement.",https://d.newsweek.com/en/full/2583719/hawaii-wildfire-case-huge-implications-homeowners.jpg,2025-02-07T17:05:44Z,,"The Hawaii Supreme Court is considering a case this week regarding the 2023 Maui wildfires that decimated Lahaina, and the decision could have implications for homeowners regardless of how the court … [+3164 chars]",,en,'wildfire'
https://www.newsweek.com/texas-wildfires-ticking-time-bomb-state-homeowners-2024213,https://www.newsweek.com/texas-wildfires-ticking-time-bomb-state-homeowners-2024213,0,www.newsweek.com,Texas Wildfires Are 'Ticking Time Bomb' For State's Homeowners,"Wildfire risk is expected to continue growing in Texas, threatening the stability of the state's homeowners insurance market, experts warned.",https://d.newsweek.com/en/full/2578353/texas-home-fire.jpg,2025-02-07T17:11:37Z,https://web.archive.org/web/20250208112445/https://www.newsweek.com/texas-wildfires-ticking-time-bomb-state-homeowners-2024213,"The rising threat of devastating wildfires and the demographic growth in the state's most at-risk areas are a ""ticking time bomb"" for Texas homeowners insurance market, experts warned.
A similar sit… [+11214 chars]",,en,'wildfire'
https://www.newsweek.com/map-shows-states-wildfire-risk-strong-winds-hit-2027986,https://www.newsweek.com/map-shows-states-wildfire-risk-strong-winds-hit-2027986,0,www.newsweek.com,Map Shows Wildfire Risk For 4 States as Strong Winds Hit,"Texas, Oklahoma, Colorado and New Mexico all have red flag conditions in place amid weather conditions ideal for fire spread.",https://d.newsweek.com/en/full/2583786/wildfire-map-red-flag-warnings.png,2025-02-07T18:04:01Z,https://web.archive.org/web/20250209002928/https://www.newsweek.com/map-shows-states-wildfire-risk-strong-winds-hit-2027986,"National Weather Service (NWS) meteorologists have issued red flag warnings in four states on Friday amid strong winds.
Why It Matters
Red flag warnings are issued when environmental conditions bec… [+2711 chars]",,en,'wildfire wind'
https://www.breitbart.com/politics/2025/02/07/gavin-newsom-to-ban-plants-within-5-feet-of-homes-in-fire-prone-areas/,https://www.breitbart.com/politics/2025/02/07/gavin-newsom-to-ban-plants-within-5-feet-of-homes-in-fire-prone-areas/,0,www.breitbart.com,Gavin Newsom to Ban Plants Within 5 Feet of Homes in Fire-Prone Areas,"California Gov. Gavin Newsom (D) plans to ban the use of plants within five feet of residential homes in what are designated as ""fire-prone"" areas -- which could include much of the state of California, given the recent wildfires.
The post Gavin Newsom to Ban…",https://media.breitbart.com/media/2025/02/Bass-and-Newsom-Getty-640x335.jpg,2025-02-07T18:23:47Z,https://web.archive.org/web/20250208000748/https://www.breitbart.com/politics/2025/02/07/gavin-newsom-to-ban-plants-within-5-feet-of-homes-in-fire-prone-areas/,California Gov. Gavin Newsom (D) plans to ban the use of plants within five feet of residential homes in what are designated as “fire-prone” areas — which could include much of the state of Californi… [+1675 chars],,en,'wildfire'
https://freerepublic.com/focus/f-news/4295797/posts,https://freerepublic.com/focus/f-news/4295797/posts,0,freerepublic.com,The Lost Treasures of California's Devastating Wildfires,Some of California's architectural wonders were consumed by the flames.It's been more than three weeks since the beginning of the Los Angeles area wildfires and the level of devastation is overwhelming. The numbers are stark: The fires killed 28 people and in…,,2025-02-07T18:26:59Z,https://web.archive.org/web/20250207210745/https://freerepublic.com/focus/f-news/4295797/posts,"Skip to comments.
The Lost Treasures of California's Devastating WildfiresReason ^
 | 2.7.2025
 | Steven Greenhut
Posted on 02/07/2025 10:26:59 AM PST by nickcarraway
Some of California's archit… [+6765 chars]",,en,'wildfire'
https://biztoc.com/x/099bc290d5119e3e,https://biztoc.com/x/099bc290d5119e3e,0,biztoc.com,Allstate says California wildfires to bring company $1.1 billion in losses,"Allstate said the wildfires that blazed through Southern California last month will bring the insurance company a sizable loss.
CEO Tom Wilson said in a statement Wednesday that the wildfire-related losses are ""expected to be about $1.1 billion, pre-tax, net …",https://biztoc.com/cdn/099bc290d5119e3e_s.webp,2025-02-07T20:04:13Z,https://web.archive.org/web/20250208144423/https://biztoc.com/x/099bc290d5119e3e,Allstate said the wildfires that blazed through Southern California last month will bring the insurance company a sizable loss.CEO Tom Wilson said in a statement Wednesday that the wildfire-related l… [+148 chars],,en,'wildfire insurance'
https://freerepublic.com/focus/f-news/4295830/posts,https://freerepublic.com/focus/f-news/4295830/posts,0,freerepublic.com,Gavin Newsom to Ban Plants Within 5 Feet of Homes in Fire-Prone Areas,"California Gov. Gavin Newsom (D) plans to ban the use of plants within five feet of residential homes in what are designated as “fire-prone” areas — which could include much of the state of California, given the recent wildfires. ..... Snip..... The San Franc…",,2025-02-07T21:43:02Z,https://web.archive.org/web/20250207222033/https://freerepublic.com/focus/f-news/4295830/posts,"Skip to comments.
Gavin Newsom to Ban Plants Within 5 Feet of Homes in Fire-Prone AreasBreitbart ^
 | February 7, 2025
 | Joel B. Pollak
Posted on 02/07/2025 1:43:02 PM PST by Macho MAGA Man
Cal… [+5095 chars]",,en,'wildfire area'
http://deadline.com/2025/02/on-eve-of-pga-awards-leaders-discuss-health-benefits-wildfire-relief-effort-those-missing-names-from-the-best-picture-nominations-1236281944/,http://deadline.com/2025/02/on-eve-of-pga-awards-leaders-discuss-health-benefits-wildfire-relief-effort-those-missing-names-from-the-best-picture-nominations-1236281944/,0,deadline.com,"On Eve Of PGA Awards, Leaders Discuss Health Benefits, Wildfire Relief Effort & Those Missing Names From The Best Picture Nominations","EXCLUSIVE: Positioned just before the final voting begins for Best Picture, The Producers Guild of America Awards have long been an important indicator of what’s to come. Aside from evaluating who is eligible to accept the top Oscar, the PGA navigates industr…",https://deadline.com/wp-content/uploads/2022/03/PGA-Awards-logo-small-1.jpg?w=404,2025-02-07T22:20:40Z,https://web.archive.org/web/20250208151241/https://deadline.com/2025/02/on-eve-of-pga-awards-leaders-discuss-health-benefits-wildfire-relief-effort-those-missing-names-from-the-best-picture-nominations-1236281944/,"EXCLUSIVE: Positioned just before the final voting begins for Best Picture, The Producers Guild of America Awards have long been an important indicator of what’s to come. Aside from evaluating who is… [+10053 chars]",,en,'wildfire health'
https://www.nbcnews.com/news/us-news/los-angeles-california-wildfires-victims-no-escape-rcna191087,https://www.nbcnews.com/news/us-news/los-angeles-california-wildfires-victims-no-escape-rcna191087,0,www.nbcnews.com,The families of L.A. wildfire victims confront the failures that prevented escape,"One month after the Los Angeles wildfires, the public and California’s government are being forced to confront weaknesses in their approach to disasters.","https://media-cldnry.s-nbcnews.com/image/upload/t_nbcnews-fp-1200-630,f_auto,q_auto:best/rockcms/2025-02/250207-jackie-mcdaniels-ew-427p-6923c6.jpg",2025-02-08T12:00:00Z,http://archive.md/20250208125732/https://www.nbcnews.com/news/us-news/los-angeles-california-wildfires-victims-no-escape-rcna191087,"There were other problems with the countys alert system. Evacuation warnings were accidentally sent to nearly 10 million homes, lawmakers said. Some residents got the wrong warnings. Others got the s… [+3411 chars]",,en,'wildfire victims'
https://www.voanews.com/a/chile-imposes-curfews-in-wildfire-impacted-regions/7968293.html,https://www.voanews.com/a/chile-imposes-curfews-in-wildfire-impacted-regions/7968293.html,0,www.voanews.com,Chile imposes curfews in wildfire impacted regions,"SANTIAGO, CHILE — Chile's President Gabriel Boric on Saturday issued state of emergency decrees for two regions in the center and south of the country due to the threat of raging wildfires. 


He said the measures for Nuble and Maule, which are aimed at savin…",https://gdb.voanews.com/1D98721B-1832-4F94-9367-8CB21C668BA4.jpg,2025-02-09T01:11:24Z,https://web.archive.org/web/20250209115455/https://www.voanews.com/a/chile-imposes-curfews-in-wildfire-impacted-regions/7968293.html,"SANTIAGO, CHILE  Chile's President Gabriel Boric on Saturday issued state of emergency decrees for two regions in the center and south of the country due to the threat of raging wildfires. 
He said … [+936 chars]",,en,'wildfire area'
https://biztoc.com/x/9e2cda39c9807385,https://biztoc.com/x/9e2cda39c9807385,0,biztoc.com,"Insurance commissioner: Wildfire victims should be paid, without itemizing lost contents","Insurance commissioner: Wildfire victims should be paid, without itemizing lost contents
California’s elected insurance commissioner has asked the state’s insurers to make maximum payments for the contents of homes destroyed in last month’s Southern Californi…",https://biztoc.com/cdn/9e2cda39c9807385_s.webp,2025-02-09T04:06:50Z,,"Insurance commissioner: Wildfire victims should be paid, without itemizing lost contentsCalifornias elected insurance commissioner has asked the states insurers to make maximum payments for the conte… [+143 chars]",,en,'wildfire'
https://english.khabarhub.com/2025/09/435272/,https://english.khabarhub.com/2025/09/435272/,0,english.khabarhub.com,Manang wildfire not brought under control even after 10 days,MANANG: The fire that broke out in Timang forest of Chame Rural Municipality-1 in the district has not been brought under control even after10 days. The forest fire had started in the evening of January 31. The District Administration Office said they have no…,https://english.khabarhub.com/wp-content/uploads/2021/01/Forest-fire-rss-Manang.jpg,2025-02-09T10:01:38Z,,"MANANG: The fire that broke out in Timang forest of Chame Rural Municipality-1 in the district has not been brought under control even after10 days.
The forest fire had started in the evening of Jan… [+1069 chars]",,en,'forest fire'
https://slashdot.org/firehose.pl?op=view&amp;id=176163605,https://slashdot.org/firehose.pl?op=view&amp;id=176163605,0,slashdot.org,"Insurance commissioner: Wildfire victims should be paid, without itemizing lost contents - Los Angeles Times","Insurance commissioner: Wildfire victims should be paid, without itemizing lost contentsLos Angeles Times For most L.A. fire victims, insurance won’t pay enough to rebuildThe Washington Post State Farm Was All In on California—Until It Pulled the Plug Before …",,2025-02-09T12:32:21Z,,The Fine Print: The following comments are owned by whoever posted them. We are not responsible for them in any way.,,en,'wildfire insurance'
https://legalinsurrection.com/2025/02/shamefully-ca-gov-newsom-signs-50m-trump-proofing-state-legislative-package/,https://legalinsurrection.com/2025/02/shamefully-ca-gov-newsom-signs-50m-trump-proofing-state-legislative-package/,0,legalinsurrection.com,"Shamefully, CA Gov. Newsom Signs $50M ‘Trump-Proofing’ State Legislative Package","Meanwhile, by clearing away bureaucratic debris and ensuring the wildfire-destroyed area rebuilds aren't subject to ""climate crisis"" idiocy. Trump's special envoy Richard Grenell is the de facto governor of the Golden State.
The post Shamefully, CA Gov. Newso…",https://legalinsurrection.com/wp-content/uploads/2025/01/LI-040-Newsom-Trump-Tarmac.png,2025-02-09T15:00:10Z,https://web.archive.org/web/20250210085956/https://legalinsurrection.com/2025/02/shamefully-ca-gov-newsom-signs-50m-trump-proofing-state-legislative-package/,"Legal Insurrection readers may recall that in the wake of the Greater Los Angeles wildfires, the state Legislature considered spending $50 million Trump-proofing the state: $25 million for lawfare, a… [+5837 chars]",,en,'wildfire area'
https://www.insurancejournal.com/news/west/2025/02/10/810960.htm,https://www.insurancejournal.com/news/west/2025/02/10/810960.htm,0,www.insurancejournal.com,"Viewpoint: How Will the California FAIR Plan Fare, and What’s Next for Independent Agents?","If there is a single bright spot to be found in the aftermath of the costliest wildfire in California’s history, it is that both the property/casualty insurance industry and the independent agents who serve as its personal point of contact …",https://www.insurancejournal.com/app/uploads/2025/02/Swan_Rene.jpg,2025-02-10T06:00:53Z,,"If there is a single bright spot to be found in the aftermath of the costliest wildfire in California’s history, it is that both the property/casualty insurance industry and the independent agents wh… [+9886 chars]",,en,'wildfire insurance'
https://phys.org/news/2025-02-remote-french-island-wildfire.html,https://phys.org/news/2025-02-remote-french-island-wildfire.html,0,phys.org,Almost half of remote French island hit by wildfire: official,"A remote island that is part of France's French Southern and Antarctic Lands in the Indian Ocean has seen half of its territory hit by a wildfire that has raged since mid-January, forcing the evacuation of scientists and military based there, authorities said.",https://scx2.b-cdn.net/gfx/news/2025/the-island-is-among-th.jpg,2025-02-10T17:13:58Z,,"A remote island that is part of France's French Southern and Antarctic Lands in the Indian Ocean has seen half of its territory hit by a wildfire that has raged since mid-January, forcing the evacuat… [+2288 chars]",,en,'wildfire'
https://www.insurancejournal.com/news/west/2025/02/10/811435.htm,https://www.insurancejournal.com/news/west/2025/02/10/811435.htm,0,www.insurancejournal.com,Newsom Wants to Speed up Delayed Rule to Make California Homes More Fire Resistant,"As Los Angeles reels from deadly January wildfires that destroyed thousands of homes, California Gov. Gavin Newsom signed an order last week directing the state to advance long-delayed regulations requiring homeowners in high-risk areas to clear combustible m…",https://www.insurancejournal.com/img/social/opengraph/ij-social-default-1200x630.png,2025-02-10T18:23:12Z,https://web.archive.org/web/20250212082738/https://www.insurancejournal.com/news/west/2025/02/10/811435.htm,"As Los Angeles reels from deadly January wildfires that destroyed thousands of homes, California Gov. Gavin Newsom signed an order last week directing the state to advance long-delayed regulations re… [+5278 chars]",,en,'wildfire area'
https://truthout.org/articles/altadena-communities-unite-to-rebuild-as-developers-eye-the-ashes/,https://truthout.org/articles/altadena-communities-unite-to-rebuild-as-developers-eye-the-ashes/,0,truthout.org,Altadena Communities Unite to Rebuild as Developers Eye the Ashes,"In the wake of the Eaton wildfire in LA, residents are building collective power to push back predatory developers.",https://truthout.org/app/uploads/2025/02/2025_0205-church-burned.jpg,2025-02-10T18:23:42Z,http://archive.md/20250211015649/https://truthout.org/articles/altadena-communities-unite-to-rebuild-as-developers-eye-the-ashes/,"Bernardo Osprio, a 60-year-old day laborer from Pasadena, couldnt believe his eyes as he surveyed the devastation caused by the recent wildfires in Altadena, California. Having lived in southern Cali… [+14435 chars]",,en,'wildfire'
https://www.bostonherald.com/2025/02/10/hawaii-wildfire-settlement-lawsuit/,https://www.bostonherald.com/2025/02/10/hawaii-wildfire-settlement-lawsuit/,0,www.bostonherald.com,"Hawaii court rules against insurance companies in Maui wildfire, allowing $4B settlement to proceed",Insurance companies can’t bring legal actions against those blamed for Maui’s wildfire.,https://www.bostonherald.com/wp-content/uploads/2025/02/AP25041741760703.jpg?w=1024&h=682,2025-02-10T20:30:58Z,https://web.archive.org/web/20250211082929/https://www.bostonherald.com/2025/02/10/hawaii-wildfire-settlement-lawsuit/,"By JENNIFER SINCO KELLEHER, Associated Press
HONOLULU (AP) — Hawaii’s Supreme Court ruled Monday that insurance companies can’t bring their own legal actions against those blamed for Maui’s catastro… [+1382 chars]",,en,'wildfire insurance'
https://consent.yahoo.com/v2/collectConsent?sessionId=1_cc-session_8b5ef8af-9370-436e-a0f9-ce4e3cbe9db3,https://consent.yahoo.com/v2/collectConsent?sessionId=1_cc-session_8b5ef8af-9370-436e-a0f9-ce4e3cbe9db3,0,consent.yahoo.com,"Hawaii court rules against insurance companies in Maui wildfire, allowing $4B settlement to proceed",,,2025-02-10T20:30:58Z,,"If you click 'Accept all', we and our partners, including 239 who are part of the IAB Transparency &amp; Consent Framework, will also store and/or access information on a device (in other words, use … [+702 chars]",,en,'wildfire insurance'
https://www.seattlepi.com/news/politics/article/alert-hawaii-supreme-court-rules-against-20159100.php,https://www.seattlepi.com/news/politics/article/alert-hawaii-supreme-court-rules-against-20159100.php,0,www.seattlepi.com,"Alert: Hawaii Supreme Court rules against insurance companies in Maui wildfire, allowing $4B settlement to move forward","Hawaii Supreme Court rules against insurance companies in Maui wildfire, allowing $4B settlement to move forward.",https://s.hdnux.com/photos/01/34/02/65/24128891/5/rawImage.jpg,2025-02-10T20:34:45Z,,"HONOLULU (AP) Hawaii Supreme Court rules against insurance companies in Maui wildfire, allowing $4B settlement to move forward.",,en,'wildfire insurance'
https://biztoc.com/x/8c574c78bb392330,https://biztoc.com/x/8c574c78bb392330,0,biztoc.com,"Hawaii court rules against insurance companies in Maui wildfire, allowing $4B settlement to proceed","Hawaii’s Supreme Court ruled Monday that insurance companies can’t bring their own legal actions against those blamed for Maui’s catastrophic 2023 wildfire, the deadliest in the U.S. in more than a century. The ruling allows a $4 billion settlement under thre…",https://biztoc.com/cdn/808/og.png,2025-02-10T20:47:37Z,https://web.archive.org/web/20250211231003/https://biztoc.com/x/8c574c78bb392330,"Hawaiis Supreme Court ruled Monday that insurance companies cant bring their own legal actions against those blamed for Mauis catastrophic 2023 wildfire, the deadliest in the U.S. in more than a cent… [+147 chars]",,en,'wildfire'
https://www.yahoo.com/news/devastated-couple-claims-state-farm-101556959.html,https://www.yahoo.com/news/devastated-couple-claims-state-farm-101556959.html,0,www.yahoo.com,Devastated couple claims State Farm canceled home coverage before wildfire hit: '25 years in premiums on this house',"“It’s just an injury on top of an injury.""",https://s.yimg.com/ny/api/res/1.2/wbdlFPjbCw1gEEhP4Uj8Xw--/YXBwaWQ9aGlnaGxhbmRlcjt3PTEyMDA7aD04MDA-/https://media.zenfs.com/en/the_cool_down_737/ea0b5f5f3fc924d522bfbb24f3f6f82a,2025-02-11T10:15:56Z,http://archive.md/20250211165817/https://www.yahoo.com/news/devastated-couple-claims-state-farm-101556959.html,"A couple whose home burned down in the Palisades Fire had just lost their insurance coverage for the property, highlighting a situation that could become more common.
What's happening?
""State Farm,… [+2833 chars]",,en,'wildfire'
https://www.abc.net.au/news/2025-02-12/nasa-tracking-bushfires-sparked-by-lightning/104919104,https://www.abc.net.au/news/2025-02-12/nasa-tracking-bushfires-sparked-by-lightning/104919104,0,www.abc.net.au,Australian universities join NASA to combat fires sparked by lightning,A global team of researchers has turned its focus to an earlier detection of lightning strikes which cause devastating bushfires in Australia every year.,https://live-production.wcms.abc-cdn.net.au/8e6f091d63ab7f3cf754068c661b4f0e?impolicy=wcms_watermark_news&cropH=1182&cropW=2100&xPos=0&yPos=198&width=862&height=485&imformat=generic,2025-02-11T22:24:14Z,,"Australian researchers have joined forces with NASA to combat bushfires sparked by lightning across the country.
Lightning sparks hundreds of bushfires each year in Western Australia, according to t… [+3566 chars]",,en,'bushfire'
